{
  "heroImage": "pkg:/images/posters/game1.jpg",
  "rows": [
    {
      "title": "Top Games",
      "items": [
        { "title": "Red Zone ESPN", "thumbnail": "pkg:/images/posters/game1.jpg" },
        { "title": "Sunday Recap NBA", "thumbnail": "pkg:/images/posters/game2.jpg" },
        { "title": "Monday Breakdown MLB", "thumbnail": "pkg:/images/posters/game3.jpg" }
      ]
    },
    {
      "title": "Featured ESPN Shows",
      "items": [
        { "title": "SportsCenter NBA ESPN", "thumbnail": "pkg:/images/posters/show1.jpg" },
        { "title": "ESPN NFL Primetime", "thumbnail": "pkg:/images/posters/show2.jpg" }
      ]
    }
  ]
}
